{
  "regimes": {
    "A_class_separable": {
      "base": {
        "top1": 0.537,
        "recall_k": 0.906,
        "rho_k": 0.0,
        "hfr": 0.0
      },
      "classwise": {
        "top1": 0.6175,
        "recall_k": 0.906,
        "rho_k": 0.21815718157181577,
        "hfr": 0.3238482384823848
      },
      "repair": {
        "top1": 0.6175,
        "recall_k": 0.906,
        "rho_k": 0.21815718157181577,
        "hfr": 0.34959349593495936
      },
      "recall": 0.906
    },
    "B_contradictory": {
      "base": {
        "top1": 0.3575,
        "recall_k": 0.8035,
        "rho_k": 0.0,
        "hfr": 0.0
      },
      "classwise": {
        "top1": 0.413,
        "recall_k": 0.8035,
        "rho_k": 0.12443946188340806,
        "hfr": 0.18721973094170405
      },
      "repair": {
        "top1": 0.4855,
        "recall_k": 0.8035,
        "rho_k": 0.28699551569506726,
        "hfr": 0.4383408071748879
      },
      "recall": 0.8035
    }
  },
  "ablation": {
    "class_separable": {
      "base": 0.537,
      "pairwise_only": 0.537,
      "classwise_only": 0.6175,
      "full_repair": 0.6195
    },
    "contradictory": {
      "base": 0.3575,
      "pairwise_only": 0.3695,
      "classwise_only": 0.413,
      "full_repair": 0.4855
    }
  },
  "quintile": {
    "labels": [
      "Q1 (low)",
      "Q2",
      "Q3",
      "Q4",
      "Q5 (high)"
    ],
    "pw_gain_mean": [
      -9.390589403586658,
      0.6116000605748962,
      3.85344951224015,
      7.192076516776048,
      16.441990770317425
    ],
    "pw_gain_std": [
      4.921292866256753,
      2.078181331620894,
      1.7661786237448958,
      3.651518047379987,
      4.572174246447611
    ]
  },
  "shrinkage": {
    "cal_sizes": [
      2,
      5,
      10,
      20,
      50
    ],
    "mle_var_mean": [
      0.6536500174572577,
      0.23035028101147317,
      0.12117764052746627,
      0.07250812229725538,
      0.041237057294554944
    ],
    "mle_var_std": [
      0.0626706712033546,
      0.02905380531920061,
      0.009314330604483912,
      0.003989050801704942,
      0.002132183763052995
    ],
    "shrunk_var_mean": [
      0.0897909530570999,
      0.01792568611732811,
      0.010644941072793583,
      0.009804510870972883,
      0.011602979102250667
    ],
    "shrunk_var_std": [
      0.0286774995026081,
      0.01025470421155922,
      0.004217863654857478,
      0.0024869794746266143,
      0.0016964584495855013
    ],
    "mle_tail_mean": [
      46.5606936416185,
      48.5606936416185,
      49.4354527938343,
      50.01348747591522,
      50.472061657032754
    ],
    "mle_tail_std": [
      1.5623638152939507,
      0.35809651585526064,
      0.4696805979842776,
      0.28436199317511307,
      0.3369666222418875
    ],
    "shrunk_tail_mean": [
      47.03082851637765,
      47.3102119460501,
      47.32562620423893,
      47.8747591522158,
      48.62042389210019
    ],
    "shrunk_tail_std": [
      0.4676527229459655,
      0.2799078196120948,
      0.2342130466130721,
      0.24327104630859112,
      0.182424668648087
    ]
  }
}